"continent","country","gdpPercap_1952","gdpPercap_1957","gdpPercap_1962","gdpPercap_1967","gdpPercap_1972","gdpPercap_1977","gdpPercap_1982","gdpPercap_1987","gdpPercap_1992","gdpPercap_1997","gdpPercap_2002","gdpPercap_2007","lifeExp_1952","lifeExp_1957","lifeExp_1962","lifeExp_1967","lifeExp_1972","lifeExp_1977","lifeExp_1982","lifeExp_1987","lifeExp_1992","lifeExp_1997","lifeExp_2002","lifeExp_2007","pop_1952","pop_1957","pop_1962","pop_1967","pop_1972","pop_1977","pop_1982","pop_1987","pop_1992","pop_1997","pop_2002","pop_2007"
"Africa","Algeria",2449.01,3013.98,2550.82,3246.99,4182.66,4910.42,5745.16,5681.36,5023.22,4797.3,5288.04,6223.37,43.077,45.685,48.303,51.407,54.518,58.014,61.368,65.799,67.744,69.152,70.994,72.301,9279520,10270900,11000900,12760500,14760800,17152800,20033800,23255000,26298400,29072000,31287100,33333200
"Africa","Angola",3520.61,3827.94,4269.28,5522.78,5473.29,3008.65,2756.95,2430.21,2627.85,2277.14,2773.29,4797.23,30.015,31.999,34,35.985,37.928,39.483,39.942,39.906,40.647,40.963,41.003,42.731,4232100,4561360,4826020,5247470,5894860,6162680,7016380,7874230,8735990,9875020,10866100,12420500
"Africa","Benin",1062.75,959.601,949.499,1035.83,1085.8,1029.16,1277.9,1225.86,1191.21,1232.98,1372.88,1441.28,38.223,40.358,42.618,44.885,47.014,49.19,50.904,52.337,53.919,54.777,54.406,56.728,1738320,1925170,2151900,2427330,2761410,3168270,3641600,4243790,4981670,6066080,7026110,8078310
"Africa","Botswana",851.241,918.233,983.654,1214.71,2263.61,3214.86,4551.14,6205.88,7954.11,8647.14,11003.6,12569.9,47.622,49.618,51.52,53.298,56.024,59.319,61.484,63.622,62.745,52.556,46.634,50.728,442308,474639,512764,553541,619351,781472,970347,1151180,1342610,1536540,1630350,1639130
"Africa","Burkina Faso",543.255,617.183,722.512,794.827,854.736,743.387,807.199,912.063,931.753,946.295,1037.65,1217.03,31.975,34.906,37.814,40.697,43.591,46.137,48.122,49.557,50.26,50.324,50.65,52.295,4469980,4713420,4919630,5127940,5433890,5889570,6634600,7586550,8878300,10352800,12251200,14326200
"Africa","Burundi",339.296,379.565,355.203,412.978,464.1,556.103,559.603,621.819,631.7,463.115,446.404,430.071,39.031,40.533,42.045,43.548,44.057,45.91,47.471,48.211,44.736,45.326,47.36,49.58,2445620,2667520,2961920,3330990,3529980,3834420,4580410,5126020,5809240,6121610,7021080,8390500
"Africa","Cameroon",1172.67,1313.05,1399.61,1508.45,1684.15,1783.43,2367.98,2602.66,1793.16,1694.34,1934.01,2042.1,38.523,40.428,42.643,44.799,47.049,49.355,52.961,54.985,54.314,52.199,49.856,50.43,5009070,5359920,5793630,6335510,7021030,7959860,9250830,10780700,12467200,14195800,15930000,17696300
"Africa","Central African Republic",1071.31,1190.84,1193.07,1136.06,1070.01,1109.37,956.753,844.876,747.906,740.506,738.691,706.017,35.463,37.464,39.475,41.478,43.457,46.775,48.295,50.485,49.396,46.066,43.308,44.741,1291700,1392280,1523480,1733640,1927260,2167530,2476970,2840010,3265120,3696510,4048010,4369040
"Africa","Chad",1178.67,1308.5,1389.82,1196.81,1104.1,1133.98,797.908,952.386,1058.06,1004.96,1156.18,1704.06,38.092,39.881,41.716,43.601,45.569,47.383,49.517,51.051,51.724,51.573,50.525,50.651,2682460,2894860,3150420,3495970,3899070,4388260,4875120,5498960,6429420,7562010,8835740,10238800
"Africa","Comoros",1102.99,1211.15,1406.65,1876.03,1937.58,1172.6,1267.1,1315.98,1246.91,1173.62,1075.81,986.148,40.715,42.46,44.467,46.472,48.944,50.939,52.933,54.926,57.939,60.66,62.974,65.152,153936,170928,191689,217378,250027,304739,348643,395114,454429,527982,614382,710960
"Africa","Congo, Dem. Rep.",780.542,905.86,896.315,861.593,904.896,795.757,673.748,672.775,457.719,312.188,241.166,277.552,39.143,40.652,42.122,44.056,45.989,47.804,47.784,47.412,45.548,42.587,44.966,46.462,14100000,15577900,17486400,19941100,23007700,26480900,30646500,35481600,41672100,47799000,55379900,64606800
"Africa","Congo, Rep.",2125.62,2315.06,2464.78,2677.94,3213.15,3259.18,4879.51,4201.19,4016.24,3484.16,3484.06,3632.56,42.111,45.053,48.435,52.04,54.907,55.625,56.695,57.47,56.433,52.962,52.97,55.322,854885,940458,1047920,1179760,1340460,1536770,1774740,2064100,2409070,2800950,3328800,3800610
"Africa","Cote d'Ivoire",1388.59,1500.9,1728.87,2052.05,2378.2,2517.74,2602.71,2156.96,1648.07,1786.27,1648.8,1544.75,40.477,42.469,44.93,47.35,49.801,52.374,53.983,54.655,52.044,47.991,46.832,48.328,2977020,3300000,3832410,4744870,6071700,7459570,9025950,10761100,12772600,14626000,16252700,18013400
"Africa","Djibouti",2669.53,2864.97,3020.99,3020.05,3694.21,3081.76,2879.47,2880.1,2377.16,1895.02,1908.26,2082.48,34.812,37.328,39.693,42.074,44.366,46.519,48.812,50.04,51.604,53.157,53.373,54.791,63149,71851,89898,127617,178848,228694,305991,311025,384156,417908,447416,496374
"Africa","Egypt",1418.82,1458.92,1693.34,1814.88,2024.01,2785.49,3503.73,3885.46,3794.76,4173.18,4754.6,5581.18,41.893,44.444,46.992,49.293,51.137,53.319,56.006,59.797,63.674,67.217,69.806,71.338,22223300,25009700,28173300,31681200,34807400,38783900,45681800,52799100,59402200,66134300,73312600,80264500
"Africa","Equatorial Guinea",375.643,426.096,582.842,915.596,672.412,958.567,927.825,966.897,1132.06,2814.48,7703.5,12154.1,34.482,35.983,37.485,38.987,40.516,42.024,43.662,45.664,47.545,48.245,49.348,51.579,216964,232922,249220,259864,277603,192675,285483,341244,387838,439971,495627,551201
"Africa","Eritrea",328.941,344.162,380.996,468.795,514.324,505.754,524.876,521.134,582.859,913.471,765.35,641.37,35.928,38.047,40.158,42.189,44.142,44.535,43.89,46.453,49.991,53.378,55.24,58.04,1438760,1542610,1666620,1820320,2260190,2512640,2637300,2915960,3668440,4058320,4414860,4906580
"Africa","Ethiopia",362.146,378.904,419.456,516.119,566.244,556.808,577.861,573.741,421.353,515.889,530.054,690.806,34.078,36.667,40.059,42.115,43.515,44.51,44.916,46.684,48.091,49.402,50.725,52.947,20860900,22815600,25145400,27860300,30770400,34617800,38111800,42999500,52088600,59861300,67946800,76511900
"Africa","Gabon",4293.48,4976.2,6631.46,8358.76,11401.9,21745.6,15113.4,11864.4,13522.2,14722.8,12521.7,13206.5,37.003,38.999,40.489,44.598,48.69,52.79,56.564,60.19,61.366,60.461,56.761,56.735,420702,434904,455661,489004,537977,706367,753874,880397,985739,1126190,1299300,1454870
"Africa","Gambia",485.231,520.927,599.65,734.783,756.087,884.755,835.81,611.659,665.624,653.73,660.586,752.75,30,32.065,33.896,35.857,38.308,41.842,45.58,49.265,52.644,55.861,58.041,59.448,284320,323150,374020,439593,517101,608274,715523,848406,1025380,1235770,1457770,1688360
"Africa","Ghana",911.299,1043.56,1190.04,1125.7,1178.22,993.224,876.033,847.006,925.06,1005.25,1111.98,1327.61,43.149,44.779,46.452,48.072,49.875,51.756,53.744,55.729,57.501,58.556,58.453,60.022,5581000,6391290,7355250,8490210,9354120,10538100,11400300,14168100,16278700,18418300,20550800,22873300
"Africa","Guinea",510.196,576.267,686.374,708.76,741.666,874.686,857.25,805.572,794.348,869.45,945.584,942.654,33.609,34.558,35.753,37.197,38.842,40.762,42.891,45.552,48.576,51.455,53.676,56.007,2664250,2876730,3140000,3451420,3811390,4227030,4710500,5650260,6990570,8048830,8807820,9947810
"Africa","Guinea-Bissau",299.85,431.79,522.034,715.581,820.225,764.726,838.124,736.415,745.54,796.664,575.705,579.232,32.5,33.489,34.488,35.492,36.486,37.465,39.327,41.245,43.266,44.873,45.504,46.388,580653,601095,627820,601287,625361,745228,825987,927524,1050940,1193710,1332460,1472040
"Africa","Kenya",853.541,944.438,896.966,1056.74,1222.36,1267.61,1348.23,1361.94,1341.92,1360.49,1287.51,1463.25,42.27,44.686,47.949,50.654,53.559,56.155,58.766,59.339,59.285,54.407,50.992,54.11,6464050,7454780,8678560,10191500,12044800,14500400,17661500,21198100,25020500,28263800,31386800,35610200
"Africa","Lesotho",298.846,335.997,411.801,498.639,496.582,745.37,797.263,773.993,977.486,1186.15,1275.18,1569.33,42.138,45.047,47.747,48.492,49.767,52.208,55.078,57.18,59.685,55.558,44.593,42.592,748747,813338,893143,996380,1116780,1251520,1411810,1599200,1803200,1982820,2046770,2012650
"Africa","Liberia",575.573,620.97,634.195,713.604,803.005,640.322,572.2,506.114,636.623,609.174,531.482,414.507,38.48,39.486,40.502,41.536,42.614,43.764,44.852,46.027,40.802,42.221,43.753,45.678,863308,975950,1112800,1279410,1482630,1703620,1956880,2269410,1912970,2200720,2814650,3193940
"Africa","Libya",2387.55,3448.28,6757.03,18772.8,21011.5,21951.2,17364.3,11770.6,9640.14,9467.45,9534.68,12057.5,42.723,45.289,47.808,50.227,52.773,57.442,62.155,66.234,68.755,71.555,72.737,73.952,1019730,1201580,1441860,1759220,2183880,2721780,3344070,3799840,4364500,4759670,5368580,6036910
"Africa","Madagascar",1443.01,1589.2,1643.39,1634.05,1748.56,1544.23,1302.88,1155.44,1040.68,986.296,894.637,1044.77,36.681,38.865,40.848,42.881,44.851,46.881,48.969,49.35,52.214,54.978,57.286,59.443,4762910,5181680,5703320,6334560,7082430,8007170,9171480,10568600,12210400,14165100,16473500,19167700
"Africa","Malawi",369.165,416.37,427.901,495.515,584.622,663.224,632.804,635.517,563.2,692.276,665.423,759.35,36.256,37.207,38.41,39.487,41.766,43.767,45.642,47.457,49.42,47.495,45.009,48.303,2917800,3221240,3628610,4147250,4731000,5637250,6502820,7824750,10014200,10420000,11824500,13327100
"Africa","Mali",452.337,490.382,496.174,545.01,581.369,686.395,618.014,684.172,739.014,790.258,951.41,1042.58,33.685,35.307,36.936,38.487,39.977,41.714,43.916,46.364,48.388,49.903,51.818,54.467,3838170,4241880,4690370,5212420,5828160,6491650,6998260,7634010,8416220,9384980,10580200,12031800
"Africa","Mauritania",743.116,846.12,1055.9,1421.15,1586.85,1497.49,1481.15,1421.6,1361.37,1483.14,1579.02,1803.15,40.543,42.338,44.248,46.289,48.437,50.852,53.599,56.145,58.333,60.43,62.247,64.164,1022560,1076850,1146760,1230540,1332790,1456690,1622140,1841240,2119460,2444740,2828860,3270060
"Africa","Mauritius",1967.96,2034.04,2529.07,2475.39,2575.48,3710.98,3688.04,4783.59,6058.25,7425.71,9021.82,10957,50.986,58.089,60.246,61.557,62.944,64.93,66.711,68.74,69.745,70.736,71.954,72.801,516556,609816,701016,789309,851334,913025,992040,1042660,1096200,1149820,1200210,1250880
"Africa","Morocco",1688.2,1642,1566.35,1711.04,1930.19,2370.62,2702.62,2755.05,2948.05,2982.1,3258.5,3820.18,42.873,45.423,47.924,50.335,52.862,55.73,59.65,62.677,65.393,67.66,69.615,71.164,9939220,11406400,13056600,14770300,16660700,18396900,20198700,22987400,25798200,28529500,31167800,33757200
"Africa","Mozambique",468.526,495.587,556.686,566.669,724.918,502.32,462.211,389.876,410.897,472.346,633.618,823.686,31.286,33.779,36.161,38.113,40.328,42.495,42.795,42.861,44.284,46.344,44.026,42.082,6446320,7038040,7788940,8680910,9809600,11127900,12587200,12892000,13160700,16603300,18473800,19951700
"Africa","Namibia",2423.78,2621.45,3173.22,3793.69,3746.08,3876.49,4191.1,3693.73,3804.54,3899.52,4072.32,4811.06,41.725,45.226,48.386,51.159,53.867,56.437,58.968,60.835,61.999,58.909,51.479,52.906,485831,548080,621392,706640,821782,977026,1099010,1278180,1554250,1774770,1972150,2055080
"Africa","Niger",761.879,835.523,997.766,1054.38,954.209,808.897,909.722,668.3,581.183,580.305,601.075,619.677,37.444,38.598,39.487,40.118,40.546,41.291,42.598,44.555,47.391,51.313,54.496,56.867,3379470,3692180,4076010,4534060,5060260,5682090,6437190,7332640,8392820,9666250,11140700,12894900
"Africa","Nigeria",1077.28,1100.59,1150.93,1014.51,1698.39,1981.95,1576.97,1385.03,1619.85,1624.94,1615.29,2013.98,36.324,37.802,39.36,41.04,42.821,44.514,45.826,46.886,47.472,47.464,46.608,46.859,33119100,37173300,41871400,47287800,53740100,62209200,73039400,81551500,93364200,106208000,119901000,135031000
"Africa","Reunion",2718.89,2769.45,3173.72,4021.18,5047.66,4319.8,5267.22,5303.38,6101.26,6071.94,6316.17,7670.12,52.724,55.09,57.666,60.542,64.274,67.064,69.885,71.913,73.615,74.772,75.744,76.442,257700,308700,358900,414024,461633,492095,517810,562035,622191,684810,743981,798094
"Africa","Rwanda",493.324,540.289,597.473,510.964,590.581,670.081,881.571,847.991,737.069,589.945,785.654,863.088,40,41.5,43,44.1,44.6,45,46.218,44.02,23.599,36.087,43.413,46.242,2534930,2822080,3051240,3451080,3992120,4657070,5507560,6349360,7290200,7212580,7852400,8860590
"Africa","Sao Tome and Principe",879.584,860.737,1071.55,1384.84,1532.99,1737.56,1890.22,1516.53,1428.78,1339.08,1353.09,1598.44,46.471,48.945,51.893,54.425,56.48,58.55,60.351,61.728,62.742,63.306,64.337,65.528,60011,61325,65345,70787,76595,86796,98593,110812,125911,145608,170372,199579
"Africa","Senegal",1450.36,1567.65,1654.99,1612.4,1597.71,1561.77,1518.48,1441.72,1367.9,1392.37,1519.64,1712.47,37.278,39.329,41.454,43.563,45.815,48.879,52.379,55.769,58.196,60.187,61.6,63.062,2755590,3054550,3430240,3965840,4588700,5260860,6147780,7171350,8307920,9535310,10870000,12267500
"Africa","Sierra Leone",879.788,1004.48,1116.64,1206.04,1353.76,1348.29,1465.01,1294.45,1068.7,574.648,699.49,862.541,30.331,31.57,32.767,34.113,35.4,36.788,38.445,40.006,38.333,39.897,41.012,42.568,2143250,2295680,2467900,2662190,2879010,3140900,3464520,3868900,4260880,4578210,5359090,6144560
"Africa","Somalia",1135.75,1258.15,1369.49,1284.73,1254.58,1450.99,1176.81,1093.24,926.96,930.596,882.082,926.141,32.978,34.977,36.981,38.977,40.973,41.974,42.955,44.501,39.658,43.795,45.936,48.159,2526990,2780420,3080150,3428840,3840160,4353670,5828890,6921860,6099800,6633510,7753310,9118770
"Africa","South Africa",4725.3,5487.1,5768.73,7114.48,7765.96,8028.65,8568.27,7825.82,7225.07,7479.19,7710.95,9269.66,45.009,47.985,49.951,51.927,53.696,55.527,58.161,60.834,61.888,60.236,53.365,49.339,14264900,16151500,18356700,20997300,23935800,27129900,31140000,35933400,39964200,42835000,44433600,43997800
"Africa","Sudan",1615.99,1770.34,1959.59,1688,1659.65,2202.99,1895.54,1507.82,1492.2,1632.21,1993.4,2602.39,38.635,39.624,40.87,42.858,45.083,47.8,50.338,51.744,53.556,55.373,56.369,58.556,8504670,9753390,11183200,12716100,14597000,17105000,20367100,24726000,28227600,32160700,37090300,42292900
"Africa","Swaziland",1148.38,1244.71,1856.18,2613.1,3364.84,3781.41,3895.38,3984.84,3553.02,3876.77,4128.12,4513.48,41.407,43.424,44.992,46.633,49.552,52.537,55.561,57.678,58.474,54.289,43.869,39.613,290243,326741,370006,420690,480105,551425,649901,779348,962344,1054490,1130270,1133070
"Africa","Tanzania",716.65,698.536,722.004,848.219,915.985,962.492,874.243,831.822,825.682,789.186,899.074,1107.48,41.215,42.974,44.246,45.757,47.62,49.919,50.608,51.535,50.44,48.466,49.651,52.517,8322920,9452830,10864000,12607300,14706600,17129600,19844400,23040600,26605500,30686900,34593800,38139600
"Africa","Togo",859.809,925.908,1067.53,1477.6,1649.66,1532.78,1344.58,1202.2,1034.3,982.287,886.221,882.97,38.596,41.208,43.922,46.769,49.759,52.887,55.471,56.941,58.061,58.39,57.561,58.42,1219110,1357440,1528100,1735550,2056350,2308580,2644760,3154260,3747550,4320890,4977380,5701580
"Africa","Tunisia",1468.48,1395.23,1660.3,1932.36,2753.29,3120.88,3560.23,3810.42,4332.72,4876.8,5722.9,7092.92,44.6,47.1,49.579,52.053,55.602,59.837,64.048,66.894,70.001,71.973,73.042,73.923,3647740,3950850,4286550,4786990,5303510,6005060,6734100,7724980,8523080,9231670,9770580,10276200
"Africa","Uganda",734.753,774.371,767.272,908.919,950.736,843.733,682.266,617.724,644.171,816.559,927.721,1056.38,39.978,42.571,45.344,48.051,51.016,50.35,49.849,51.509,48.825,44.578,47.813,51.542,5824800,6675500,7688800,8900290,10190300,11457800,12939400,15283000,18252200,21210300,24739900,29170400
"Africa","Zambia",1147.39,1311.96,1452.73,1777.08,1773.5,1588.69,1408.68,1213.32,1210.88,1071.35,1071.61,1271.21,42.038,44.077,46.023,47.768,50.107,51.386,51.821,50.821,46.1,40.238,39.193,42.384,2672000,3016000,3421000,3900000,4506500,5216550,6100410,7272410,8381160,9417790,10595800,11746000
"Africa","Zimbabwe",406.884,518.764,527.272,569.795,799.362,685.588,788.855,706.157,693.421,792.45,672.039,469.709,48.451,50.469,52.358,53.995,55.635,57.674,60.363,62.351,60.377,46.809,39.989,43.487,3080910,3646340,4277740,4995430,5861140,6642110,7636520,9216420,10704300,11404900,11926600,12311100
"Americas","Argentina",5911.32,6856.86,7133.17,8052.95,9443.04,10079,8997.9,9139.67,9308.42,10967.3,8797.64,12779.4,62.485,64.399,65.142,65.634,67.065,68.481,69.942,70.774,71.868,73.275,74.34,75.32,17877000,19610500,21283800,22934200,24779800,26983800,29341400,31620900,33958900,36203500,38331100,40301900
"Americas","Bolivia",2677.33,2127.69,2180.97,2586.89,2980.33,3548.1,3156.51,2753.69,2961.7,3326.14,3413.26,3822.14,40.414,41.89,43.428,45.032,46.714,50.023,53.859,57.251,59.957,62.05,63.883,65.554,2883320,3211740,3593920,4040660,4565870,5079720,5642220,6156370,6893450,7693190,8445130,9119150
"Americas","Brazil",2108.94,2487.37,3336.59,3429.86,4985.71,6660.12,7030.84,7807.1,6950.28,7957.98,8131.21,9065.8,50.917,53.285,55.665,57.632,59.504,61.489,63.336,65.205,67.057,69.388,71.006,72.39,56602600,65551200,76039400,88049800,100840000,114314000,128963000,142938000,155976000,168547000,179914000,190011000
"Americas","Canada",11367.2,12490,13462.5,16076.6,18970.6,22090.9,22898.8,26626.5,26342.9,28954.9,33329,36319.2,68.75,69.96,71.3,72.13,72.88,74.21,75.76,76.86,77.95,78.61,79.77,80.653,14785600,17010200,18985800,20819800,22284500,23796400,25201900,26549700,28523500,30305800,31902300,33390100
"Americas","Chile",3939.98,4315.62,4519.09,5106.65,5494.02,4756.76,5095.67,5547.06,7596.13,10118.1,10778.8,13171.6,54.745,56.074,57.924,60.523,63.441,67.052,70.565,72.492,74.126,75.816,77.86,78.553,6377620,7048430,7961260,8858910,9717520,10599800,11487100,12463400,13573000,14599900,15497000,16284700
"Americas","Colombia",2144.12,2323.81,2492.35,2678.73,3264.66,3815.81,4397.58,4903.22,5444.65,6117.36,5755.26,7006.58,50.643,55.118,57.863,59.963,61.623,63.837,66.653,67.768,68.421,70.313,71.682,72.889,12350800,14486000,17009900,19764000,22542900,25094400,27764600,30964200,34202700,37657800,41008200,44227600
"Americas","Costa Rica",2627.01,2990.01,3460.94,4161.73,5118.15,5926.88,5262.73,5629.92,6160.42,6677.05,7723.45,9645.06,57.206,60.026,62.842,65.424,67.849,70.75,73.45,74.752,75.713,77.26,78.123,78.782,926317,1112300,1345190,1588720,1834800,2108460,2424370,2799810,3173220,3518110,3834930,4133880
"Americas","Cuba",5586.54,6092.17,5180.76,5690.27,5305.45,6380.49,7316.92,7532.92,5592.84,5431.99,6340.65,8948.1,59.421,62.325,65.246,68.29,70.723,72.649,73.717,74.174,74.414,76.151,77.158,78.273,6007800,6640750,7254370,8139330,8831350,9537990,9789220,10239800,10723300,10983000,11227000,11417000
"Americas","Dominican Republic",1397.72,1544.4,1662.14,1653.72,2189.87,2681.99,2861.09,2899.84,3044.21,3614.1,4563.81,6025.37,45.928,49.828,53.459,56.751,59.631,61.788,63.727,66.046,68.457,69.957,70.847,72.235,2491350,2923190,3453430,4049150,4671330,5302800,5968350,6655300,7351180,7992360,8650320,9319620
"Americas","Ecuador",3522.11,3780.55,4086.11,4579.07,5280.99,6679.62,7213.79,6481.78,7103.7,7429.46,5773.04,6873.26,48.357,51.356,54.64,56.678,58.796,61.31,64.342,67.231,69.613,72.312,74.173,74.994,3548750,4058380,4681710,5432420,6298650,7278870,8365850,9545160,10748400,11911800,12921200,13755700
"Americas","El Salvador",3048.3,3421.52,3776.8,4358.6,4520.25,5138.92,4098.34,4140.44,4444.23,5154.83,5351.57,5728.35,45.262,48.57,52.307,55.855,58.207,56.696,56.604,63.154,66.798,69.535,70.734,71.878,2042860,2355800,2747690,3232930,3790900,4282590,4474870,4842190,5274650,5783440,6353680,6939690
"Americas","Guatemala",2428.24,2617.16,2750.36,3242.53,4031.41,4879.99,4820.49,4246.49,4439.45,4684.31,4858.35,5186.05,42.023,44.142,46.954,50.016,53.738,56.029,58.137,60.782,63.373,66.322,68.978,70.259,3146380,3640880,4208860,4690770,5149580,5703430,6395630,7326410,8486950,9803880,11178600,12572900
"Americas","Haiti",1840.37,1726.89,1796.59,1452.06,1654.46,1874.3,2011.16,1823.02,1456.31,1341.73,1270.36,1201.64,37.579,40.696,43.59,46.243,48.042,49.923,51.461,53.636,55.089,56.671,58.137,60.916,3201490,3507700,3880130,4318140,4698300,4908550,5198400,5756200,6326680,6913540,7607650,8502810
"Americas","Honduras",2194.93,2220.49,2291.16,2538.27,2529.84,3203.21,3121.76,3023.1,3081.69,3160.45,3099.73,3548.33,41.912,44.665,48.041,50.924,53.884,57.402,60.909,64.492,66.399,67.659,68.565,70.198,1517450,1770390,2090160,2500690,2965150,3055240,3669450,4372200,5077350,5867960,6677330,7483760
"Americas","Jamaica",2898.53,4756.53,5246.11,6124.7,7433.89,6650.2,6068.05,6351.24,7404.92,7121.92,6994.77,7320.88,58.53,62.61,65.61,67.51,69,70.11,71.21,71.77,71.766,72.262,72.047,72.567,1426100,1535090,1665130,1861100,1997620,2156810,2298310,2326610,2378620,2531310,2664660,2780130
"Americas","Mexico",3478.13,4131.55,4581.61,5754.73,6809.41,7674.93,9611.15,8688.16,9472.38,9767.3,10742.4,11977.6,50.789,55.19,58.299,60.11,62.361,65.032,67.405,69.498,71.455,73.67,74.902,76.195,30144300,35015500,41121500,47995600,55984300,63760000,71640900,80122500,88111000,95895100,102480000,108701000
"Americas","Nicaragua",3112.36,3457.42,3634.36,4643.39,4688.59,5486.37,3470.34,2955.98,2170.15,2253.02,2474.55,2749.32,42.314,45.432,48.632,51.884,55.151,57.47,59.298,62.008,65.843,68.426,70.836,72.899,1165790,1358830,1590600,1865490,2182910,2554600,2979420,3344350,4017940,4609570,5146850,5675360
"Americas","Panama",2480.38,2961.8,3536.54,4421.01,5364.25,5351.91,7009.6,7034.78,6618.74,7113.69,7356.03,9809.19,55.191,59.201,61.817,64.071,66.216,68.681,70.472,71.523,72.462,73.738,74.712,75.537,940080,1063510,1215720,1405490,1616380,1839780,2036300,2253640,2485000,2734530,2990880,3242170
"Americas","Paraguay",1952.31,2046.15,2148.03,2299.38,2523.34,3248.37,4258.5,3998.88,4196.41,4247.4,3783.67,4172.84,62.649,63.196,64.361,64.951,65.815,66.353,66.874,67.378,68.225,69.4,70.755,71.752,1555880,1770900,2009810,2287980,2614100,2984490,3366440,3886510,4483940,5154120,5884490,6667150
"Americas","Peru",3758.52,4245.26,4957.04,5788.09,5937.83,6281.29,6434.5,6360.94,4446.38,5838.35,5909.02,7408.91,43.902,46.263,49.096,51.445,55.448,58.447,61.406,64.134,66.458,68.386,69.906,71.421,8025700,9146100,10516500,12132200,13954700,15990100,18125100,20195900,22430400,24748100,26769400,28674800
"Americas","Puerto Rico",3081.96,3907.16,5108.34,6929.28,9123.04,9770.52,10331,12281.3,14641.6,16999.4,18855.6,19328.7,64.28,68.54,69.62,71.1,72.16,73.44,73.75,74.63,73.911,74.917,77.778,78.746,2227000,2260000,2448050,2648960,2847130,3080830,3279000,3444470,3585180,3759430,3859610,3942490
"Americas","Trinidad and Tobago",3023.27,4100.39,4997.52,5621.37,6619.55,7899.55,9119.53,7388.6,7370.99,8792.57,11460.6,18008.5,59.1,61.8,64.9,65.4,65.9,68.3,68.832,69.582,69.862,69.465,68.976,69.819,662850,764900,887498,960155,975199,1039010,1116480,1191340,1183670,1138100,1101830,1056610
"Americas","United States",13990.5,14847.1,16173.1,19530.4,21806,24072.6,25009.6,29884.4,32003.9,35767.4,39097.1,42951.7,68.44,69.49,70.21,70.76,71.34,73.38,74.65,75.02,76.09,76.81,77.31,78.242,157553000,171984000,186538000,198712000,209896000,220239000,232188000,242804000,256894000,272912000,287676000,301140000
"Americas","Uruguay",5716.77,6150.77,5603.36,5444.62,5703.41,6504.34,6920.22,7452.4,8137,9230.24,7727,10611.5,66.071,67.044,68.253,68.468,68.673,69.481,70.805,71.918,72.752,74.223,75.307,76.384,2252960,2424960,2598470,2748580,2829530,2873520,2954000,3045150,3149260,3262840,3363080,3447500
"Americas","Venezuela",7689.8,9802.47,8422.97,9541.47,10505.3,13144,11152.4,9883.58,10733.9,10165.5,8605.05,11415.8,55.088,57.907,60.77,63.479,65.712,67.456,68.557,70.19,71.15,72.146,72.766,73.747,5439570,6702670,8143380,9709550,11515600,13503600,15620800,17910200,20265600,22374400,24287700,26084700
"Asia","Afghanistan",779.445,820.853,853.101,836.197,739.981,786.113,978.011,852.396,649.341,635.341,726.734,974.58,28.801,30.332,31.997,34.02,36.088,38.438,39.854,40.822,41.674,41.763,42.129,43.828,8425330,9240930,10267100,11538000,13079500,14880400,12881800,13868000,16317900,22227400,25268400,31889900
"Asia","Bahrain",9867.08,11635.8,12753.3,14804.7,18268.7,19340.1,19211.1,18524,19035.6,20292,23403.6,29796,50.939,53.832,56.923,59.923,63.3,65.593,69.052,70.75,72.601,73.925,74.795,75.635,120447,138655,171863,202182,230800,297410,377967,454612,529491,598561,656397,708573
"Asia","Bangladesh",684.244,661.637,686.342,721.186,630.234,659.877,676.982,751.979,837.81,972.77,1136.39,1391.25,37.484,39.348,41.216,43.453,45.252,46.923,50.009,52.819,56.018,59.412,62.013,64.062,46886900,51365500,56839300,62821900,70759300,80428300,93074400,103764000,113705000,123315000,135657000,150448000
"Asia","Cambodia",368.469,434.038,496.914,523.432,421.624,524.972,624.475,683.896,682.303,734.285,896.226,1713.78,39.417,41.366,43.415,45.415,40.317,31.22,50.957,53.914,55.803,56.534,56.752,59.723,4693840,5322540,6083620,6960070,7450610,6978610,7272480,8371790,10150100,11783000,12926700,14131900
"Asia","China",400.449,575.987,487.674,612.706,676.9,741.237,962.421,1378.9,1655.78,2289.23,3119.28,4959.11,44,50.549,44.5014,58.3811,63.1189,63.9674,65.525,67.274,68.69,70.426,72.028,72.961,556264000,637408000,665770000,754550000,862030000,943455000,1000280000,1084040000,1164970000,1230080000,1280400000,1318680000
"Asia","Hong Kong, China",3054.42,3629.08,4692.65,6197.96,8315.93,11186.1,14560.5,20038.5,24757.6,28377.6,30209,39725,60.96,64.75,67.65,70,72,73.6,75.45,76.2,77.601,80,81.495,82.208,2125900,2736300,3305200,3722800,4115700,4583700,5264500,5584510,5829700,6495920,6762480,6980410
"Asia","India",546.566,590.062,658.347,700.771,724.033,813.337,855.724,976.513,1164.41,1458.82,1746.77,2452.21,37.373,40.249,43.605,47.193,50.651,54.208,56.596,58.553,60.223,61.765,62.879,64.698,3.72e+08,4.09e+08,4.54e+08,5.06e+08,5.67e+08,6.34e+08,7.08e+08,7.88e+08,8.72e+08,9.59e+08,1034170000,1110400000
"Asia","Indonesia",749.682,858.9,849.29,762.432,1111.11,1382.7,1516.87,1748.36,2383.14,3119.34,2873.91,3540.65,37.468,39.918,42.518,45.964,49.203,52.702,56.159,60.137,62.681,66.041,68.588,70.65,82052000,90124000,99028000,109343000,121282000,136725000,153343000,169276000,184816000,199278000,211060000,223547000
"Asia","Iran",3035.33,3290.26,4187.33,5906.73,9613.82,11888.6,7608.33,6642.88,7235.65,8263.59,9240.76,11605.7,44.869,47.181,49.325,52.469,55.234,57.702,59.62,63.04,65.742,68.042,69.451,70.964,17272000,19792000,22874000,26538000,30614000,35480700,43072800,51889700,60398000,63328000,66907800,69453600
"Asia","Iraq",4129.77,6229.33,8341.74,8931.46,9576.04,14688.2,14517.9,11643.6,3745.64,3076.24,4390.72,4471.06,45.32,48.437,51.457,54.459,56.95,60.413,62.038,65.044,59.461,58.811,57.046,59.545,5441770,6248640,7240260,8519280,10061500,11882900,14173300,16543200,17861900,20775700,24001800,27499600
"Asia","Israel",4086.52,5385.28,7105.63,8393.74,12786.9,13306.6,15367,17122.5,18051.5,20896.6,21905.6,25523.3,65.39,67.84,69.39,70.75,71.63,73.06,74.45,75.6,76.93,78.269,79.696,80.745,1620910,1944400,2310900,2693580,3095890,3495920,3858420,4203150,4936550,5531390,6029530,6426680
"Asia","Japan",3216.96,4317.69,6576.65,9847.79,14778.8,16610.4,19384.1,22375.9,26824.9,28816.6,28604.6,31656.1,63.03,65.5,68.73,71.43,73.42,75.38,77.11,78.67,79.36,80.69,82,82.603,86459000,91563000,95831800,100825000,107188000,113872000,118455000,122091000,124329000,125956000,127066000,127468000
"Asia","Jordan",1546.91,1886.08,2348.01,2741.8,2110.86,2852.35,4161.42,4448.68,3431.59,3645.38,3844.92,4519.46,43.158,45.669,48.126,51.629,56.528,61.134,63.739,65.869,68.015,69.772,71.263,72.535,607914,746559,933559,1255060,1613550,1937650,2347030,2820040,3867410,4526240,5307470,6053190
"Asia","Korea, Dem. Rep.",1088.28,1571.13,1621.69,2143.54,3701.62,4106.3,4106.53,4106.49,3726.06,1690.76,1646.76,1593.07,50.056,54.081,56.656,59.942,63.983,67.159,69.1,70.647,69.978,67.727,66.662,67.297,8865490,9411380,10917500,12617000,14781200,16325300,17647500,19067600,20711400,21585100,22215400,23301700
"Asia","Korea, Rep.",1030.59,1487.59,1536.34,2029.23,3030.88,4657.22,5622.94,8533.09,12104.3,15993.5,19234,23348.1,47.453,52.681,55.292,57.716,62.612,64.766,67.123,69.81,72.244,74.647,77.045,78.623,20947600,22611600,26420300,30131000,33505000,36436000,39326000,41622000,43805400,46173800,47969200,49044800
"Asia","Kuwait",108382,113523,95458.1,80894.9,109348,59265.5,31354,28118.4,34932.9,40300.6,35110.1,47307,55.565,58.033,60.47,64.624,67.712,69.343,71.309,74.174,75.19,76.156,76.904,77.588,160000,212846,358266,575003,841934,1140360,1497490,1891490,1418100,1765340,2111560,2505560
"Asia","Lebanon",4834.8,6089.79,5714.56,6006.98,7486.38,8659.7,7640.52,5377.09,6890.81,8754.96,9313.94,10461.1,55.928,59.489,62.094,63.87,65.421,66.099,66.983,67.926,69.292,70.265,71.028,71.993,1439530,1647410,1886850,2186890,2680020,3115790,3086880,3089350,3219990,3430390,3677780,3921280
"Asia","Malaysia",1831.13,1810.07,2036.88,2277.74,2849.09,3827.92,4920.36,5249.8,7277.91,10132.9,10207,12451.7,48.463,52.102,55.737,59.371,63.01,65.256,68,69.5,70.693,71.938,73.044,74.241,6748380,7739240,8906380,10154900,11441500,12845400,14441900,16331800,18319500,20476100,22662400,24821300
"Asia","Mongolia",786.567,912.663,1056.35,1226.04,1421.74,1647.51,2000.6,2338.01,1785.4,1902.25,2140.74,3095.77,42.244,45.248,48.251,51.253,53.754,55.491,57.489,60.222,61.271,63.625,65.033,66.803,800663,882134,1010280,1149500,1320500,1528000,1756030,2015130,2312800,2494800,2674230,2874130
"Asia","Myanmar",331,350,388,349,357,371,424,385,347,415,611,944,36.319,41.905,45.108,49.379,53.07,56.059,58.056,58.339,59.32,60.328,59.908,62.069,20093000,21731800,23634400,25870300,28466400,31528100,34680400,38028600,40546500,43247900,45598100,47762000
"Asia","Nepal",545.866,597.936,652.397,676.442,674.788,694.112,718.373,775.632,897.74,1010.89,1057.21,1091.36,36.157,37.686,39.393,41.472,43.971,46.748,49.594,52.537,55.727,59.426,61.34,63.785,9182540,9682340,10332100,11261700,12412600,13933200,15796300,17917200,20326200,23001100,25873900,28901800
"Asia","Oman",1828.23,2242.75,2924.64,4720.94,10618,11848.3,12954.8,18115.2,18616.7,19702.1,19774.8,22316.2,37.578,40.08,43.165,46.988,52.143,57.367,62.728,67.734,71.197,72.499,74.193,75.64,507833,561977,628164,714775,829050,1004530,1301050,1593880,1915210,2283640,2713460,3204900
"Asia","Pakistan",684.597,747.084,803.343,942.408,1049.94,1175.92,1443.43,1704.69,1971.83,2049.35,2092.71,2605.95,43.436,45.557,47.67,49.8,51.929,54.043,56.158,58.245,60.838,61.818,63.61,65.483,41346600,46679900,53100700,60641900,69325900,78152700,91462100,105187000,120065000,135565000,153404000,169271000
"Asia","Philippines",1272.88,1547.94,1649.55,1814.13,1989.37,2373.2,2603.27,2189.63,2279.32,2536.53,2650.92,3190.48,47.752,51.334,54.757,56.393,58.065,60.06,62.082,64.151,66.458,68.564,70.303,71.688,22438700,26072200,30325300,35356600,40850100,46851000,53456800,60017800,67185800,75013000,82995100,91077300
"Asia","Saudi Arabia",6459.55,8157.59,11626.4,16903,24837.4,34167.8,33693.2,21198.3,24841.6,20586.7,19014.5,21654.8,39.875,42.868,45.914,49.901,53.886,58.69,63.012,66.295,68.768,70.533,71.626,72.777,4005680,4419650,4943030,5618200,6472760,8128500,11254700,14619700,16945900,21229800,24501500,27601000
"Asia","Singapore",2315.14,2843.1,3674.74,4977.42,8597.76,11210.1,15169.2,18861.5,24769.9,33519.5,36023.1,47143.2,60.396,63.179,65.798,67.946,69.521,70.795,71.76,73.56,75.788,77.158,78.77,79.972,1127000,1445930,1750200,1977600,2152400,2325300,2651870,2794550,3235860,3802310,4197780,4553010
"Asia","Sri Lanka",1083.53,1072.55,1074.47,1135.51,1213.4,1348.78,1648.08,1876.77,2153.74,2664.48,3015.38,3970.1,57.593,61.456,62.192,64.266,65.042,65.949,68.757,69.011,70.379,70.457,70.815,72.396,7982340,9128550,10421900,11737400,13016700,14116800,15410200,16495300,17587100,18698700,19576800,20378200
"Asia","Syria",1643.49,2117.23,2193.04,1881.92,2571.42,3195.48,3761.84,3116.77,3340.54,4014.24,4090.93,4184.55,45.883,48.284,50.305,53.655,57.296,61.195,64.59,66.974,69.249,71.527,73.053,74.143,3661550,4149910,4834620,5680810,6701170,7932500,9410490,11242800,13219100,15081000,17155800,19314700
"Asia","Taiwan",1206.95,1507.86,1822.88,2643.86,4062.52,5596.52,7426.35,11054.6,15215.7,20206.8,23235.4,28718.3,58.5,62.4,65.2,67.5,69.39,70.59,72.16,73.4,74.26,75.25,76.99,78.4,8550360,10164200,11918900,13648700,15226000,16785200,18501400,19757800,20686900,21628600,22454200,23174300
"Asia","Thailand",757.797,793.577,1002.2,1295.46,1524.36,1961.22,2393.22,2982.65,4616.9,5852.63,5913.19,7458.4,50.848,53.63,56.061,58.285,60.405,62.494,64.597,66.084,67.298,67.521,68.564,70.616,21289400,25041900,29263400,34024200,39276200,44148300,48827200,52910300,56667100,60216700,62806700,65068100
"Asia","Vietnam",605.066,676.285,772.049,637.123,699.502,713.537,707.236,820.799,989.023,1385.9,1764.46,2441.58,40.412,42.887,45.363,47.838,50.254,55.764,58.816,62.82,67.662,70.672,73.017,74.249,26246800,28998500,33796100,39463900,44655000,50533500,56142200,62826500,69940700,76049000,80908100,85262400
"Asia","West Bank and Gaza",1515.59,1827.07,2198.96,2649.72,3133.41,3682.83,4336.03,5107.2,6017.65,7110.67,4515.49,3025.35,43.16,45.671,48.127,51.631,56.532,60.765,64.406,67.046,69.718,71.096,72.37,73.422,1030580,1070440,1133130,1142640,1089570,1261090,1425880,1691210,2104780,2826050,3389580,4018330
"Asia","Yemen, Rep.",781.718,804.83,825.623,862.442,1265.05,1829.77,1977.56,1971.74,1879.5,2117.48,2234.82,2280.77,32.548,33.97,35.18,36.984,39.848,44.175,49.113,52.922,55.599,58.02,60.308,62.698,4963830,5498090,6120080,6740780,7407080,8403990,9657620,11219300,13368000,15826500,18701300,22211700
"Europe","Albania",1601.06,1942.28,2312.89,2760.2,3313.42,3533,3630.88,3738.93,2497.44,3193.05,4604.21,5937.03,55.23,59.28,64.82,66.22,67.69,68.93,70.42,72,71.581,72.95,75.651,76.423,1282700,1476500,1728140,1984060,2263550,2509050,2780100,3075320,3326500,3428040,3508510,3600520
"Europe","Austria",6137.08,8842.6,10750.7,12834.6,16661.6,19749.4,21597.1,23687.8,27042,29095.9,32417.6,36126.5,66.8,67.48,69.54,70.14,70.63,72.17,73.18,74.94,76.04,77.51,78.98,79.829,6927770,6965860,7129860,7377000,7544200,7568430,7574610,7578900,7914970,8069880,8148310,8199780
"Europe","Belgium",8343.11,9714.96,10991.2,13149,16672.1,19118,20979.8,22525.6,25575.6,27561.2,30485.9,33692.6,68,69.24,70.25,70.94,71.44,72.8,73.93,75.35,76.46,77.53,78.32,79.441,8730400,8989110,9218400,9556500,9709100,9821800,9856300,9870200,10045600,10199800,10312000,10392200
"Europe","Bosnia and Herzegovina",973.533,1353.99,1709.68,2172.35,2860.17,3528.48,4126.61,4314.11,2546.78,4766.36,6018.98,7446.3,53.82,58.45,61.93,64.79,67.45,69.86,70.69,71.14,72.178,73.244,74.09,74.852,2791000,3076000,3349000,3585000,3819000,4086000,4172690,4338980,4256010,3607000,4165420,4552200
"Europe","Bulgaria",2444.29,3008.67,4254.34,5577,6597.49,7612.24,8224.19,8239.85,6302.62,5970.39,7696.78,10680.8,59.6,66.61,69.51,70.42,70.9,70.81,71.08,71.34,71.19,70.32,72.14,73.005,7274900,7651250,8012950,8310230,8576200,8797020,8892100,8971960,8658510,8066060,7661800,7322860
"Europe","Croatia",3119.24,4338.23,5477.89,6960.3,9164.09,11305.4,13221.8,13822.6,8447.79,9875.6,11628.4,14619.2,61.21,64.77,67.13,68.5,69.61,70.64,70.46,71.52,72.527,73.68,74.876,75.748,3882230,3991240,4076560,4174370,4225310,4318670,4413370,4484310,4494010,4444600,4481020,4493310
"Europe","Czech Republic",6876.14,8256.34,10136.9,11399.4,13108.5,14800.2,15377.2,16310.4,14297,16048.5,17596.2,22833.3,66.87,69.03,69.9,70.38,70.29,70.71,70.96,71.58,72.4,74.01,75.51,76.486,9125180,9513760,9620280,9835110,9862160,10161900,10303700,10311600,10315700,10300700,10256300,10228700
"Europe","Denmark",9692.39,11099.7,13583.3,15937.2,18866.2,20422.9,21688,25116.2,26406.7,29804.3,32166.5,35278.4,70.78,71.81,72.35,72.96,73.47,74.69,74.63,74.8,75.33,76.11,77.18,78.332,4334000,4487830,4646900,4838800,4991600,5088420,5117810,5127020,5171390,5283660,5374690,5468120
"Europe","Finland",6424.52,7545.42,9371.84,10921.6,14358.9,15605.4,18533.2,21141,20647.2,23724,28204.6,33207.1,66.55,67.49,68.75,69.83,70.87,72.52,74.55,74.83,75.7,77.13,78.37,79.313,4090500,4324000,4491440,4605740,4639660,4738900,4826930,4931730,5041040,5134410,5193040,5238460
"Europe","France",7029.81,8662.83,10560.5,12999.9,16107.2,18292.6,20293.9,22066.4,24703.8,25889.8,28926,30470,67.41,68.93,70.51,71.55,72.38,73.83,74.89,76.34,77.46,78.64,79.59,80.657,42459700,44310900,47124000,49569000,51732000,53165000,54433600,55630100,57374200,58623400,59925000,61083900
"Europe","Germany",7144.11,10187.8,12902.5,14745.6,18016.2,20512.9,22031.5,24639.2,26505.3,27788.9,30035.8,32170.4,67.5,69.1,70.3,70.8,71,72.5,73.8,74.847,76.07,77.34,78.67,79.406,69146000,71019100,73739100,76368500,78717100,78160800,78335300,77718300,80597800,82011100,82350700,82401000
"Europe","Greece",3530.69,4916.3,6017.19,8513.1,12724.8,14195.5,15268.4,16120.5,17541.5,18747.7,22514.3,27538.4,65.86,67.86,69.51,71,72.34,73.68,75.24,76.67,77.03,77.869,78.256,79.483,7733250,8096220,8448230,8716440,8888630,9308480,9786480,9974490,10325400,10502400,10603900,10706300
"Europe","Hungary",5263.67,6040.18,7550.36,9326.64,10168.7,11674.8,12546,12986.5,10535.6,11712.8,14843.9,18008.9,64.03,66.41,67.96,69.5,69.76,69.95,69.39,69.58,69.17,71.04,72.59,73.338,9504000,9839000,10063000,10223400,10394100,10637200,10705500,10612700,10348700,10244700,10083300,9956110
"Europe","Iceland",7267.69,9244,10350.2,13319.9,15798.1,19655,23269.6,26923.2,25144.4,28061.1,31163.2,36180.8,72.49,73.47,73.68,73.73,74.46,76.11,76.99,77.23,78.77,78.95,80.5,81.757,147962,165110,182053,198676,209275,221823,233997,244676,259012,271192,288030,301931
"Europe","Ireland",5210.28,5599.08,6631.6,7655.57,9530.77,11151,12618.3,13872.9,17558.8,24521.9,34077,40676,66.91,68.9,70.29,71.08,71.28,72.03,73.1,74.36,75.467,76.122,77.783,78.885,2952160,2878220,2830000,2900100,3024400,3271900,3480000,3539900,3557760,3667230,3879160,4109090
"Europe","Italy",4931.4,6248.66,8243.58,10022.4,12269.3,14256,16537.5,19207.2,22013.6,24675,27968.1,28569.7,65.94,67.81,69.24,71.06,72.19,73.48,74.98,76.42,77.44,78.82,80.24,80.546,47666000,49182000,50843200,52667100,54365600,56059200,56535600,56729700,56840800,57479500,57927000,58147700
"Europe","Montenegro",2647.59,3682.26,4649.59,5907.85,7778.41,9595.93,11222.6,11732.5,7003.34,6465.61,6557.19,9253.9,59.164,61.448,63.728,67.178,70.636,73.066,74.101,74.865,75.435,75.445,73.981,74.543,413834,442829,474528,501035,527678,560073,562548,569473,621621,692651,720230,684736
"Europe","Netherlands",8941.57,11276.2,12790.8,15363.3,18794.7,21209.1,21399.5,23651.3,26790.9,30246.1,33724.8,36797.9,72.13,72.99,73.23,73.82,73.75,75.24,76.05,76.83,77.42,78.03,78.53,79.762,10382000,11026400,11805700,12596800,13329900,13853000,14310400,14665300,15174200,15604500,16122800,16570600
"Europe","Norway",10095.4,11654,13450.4,16361.9,18965.1,23311.3,26298.6,31541,33965.7,41283.2,44684,49357.2,72.67,73.44,73.47,74.08,74.34,75.37,75.97,75.89,77.32,78.32,79.05,80.196,3327730,3491940,3638920,3786020,3933000,4043200,4114790,4186150,4286360,4405670,4535590,4627930
"Europe","Poland",4029.33,4734.25,5338.75,6557.15,8006.51,9508.14,8451.53,9082.35,7738.88,10159.6,12002.2,15389.9,61.31,65.77,67.64,69.61,70.85,70.67,71.32,70.98,70.99,72.75,74.67,75.563,25730600,28235300,30329600,31785400,33039500,34621300,36227400,37740700,38370700,38655000,38626000,38518200
"Europe","Portugal",3068.32,3774.57,4727.95,6361.52,9022.25,10172.5,11753.8,13039.3,16207.3,17641,19970.9,20509.6,59.82,61.51,64.39,66.6,69.26,70.41,72.77,74.06,74.86,75.97,77.29,78.098,8526050,8817650,9019800,9103000,8970450,9662600,9859650,9915290,9927680,10156400,10433900,10642800
"Europe","Romania",3144.61,3943.37,4735,6470.87,8011.41,9356.4,9605.31,9696.27,6598.41,7346.55,7885.36,10808.5,61.05,64.1,66.8,66.8,69.21,69.46,69.66,69.53,69.36,69.72,71.322,72.476,16630000,17829300,18680700,19284800,20662600,21658600,22356700,22686400,22797000,22562500,22404300,22276100
"Europe","Serbia",3581.46,4981.09,6289.63,7991.71,10522.1,12980.7,15181.1,15870.9,9325.07,7914.32,7236.08,9786.53,57.996,61.685,64.531,66.914,68.7,70.3,70.162,71.218,71.659,72.232,73.213,74.002,6860150,7271140,7616060,7971220,8313290,8686370,9032820,9230780,9826400,10336600,10111600,10150300
"Europe","Slovak Republic",5074.66,6093.26,7481.11,8412.9,9674.17,10922.7,11348.5,12037.3,9498.47,12126.2,13638.8,18678.3,64.36,67.45,70.33,70.98,70.35,70.45,70.8,71.08,71.38,72.71,73.8,74.663,3558140,3844280,4237380,4442240,4593430,4827800,5048040,5199320,5302890,5383010,5410050,5447500
"Europe","Slovenia",4215.04,5862.28,7402.3,9405.49,12383.5,15277,17866.7,18678.5,14214.7,17161.1,20660,25768.3,65.57,67.85,69.15,69.18,69.82,70.97,71.063,72.25,73.64,75.13,76.66,77.926,1489520,1533070,1582960,1646910,1694510,1746920,1861250,1945870,1999210,2011610,2011500,2009240
"Europe","Spain",3834.03,4564.8,5693.84,7993.51,10638.8,13236.9,13926.2,15765,18603.1,20445.3,24835.5,28821.1,64.94,66.66,69.69,71.44,73.06,74.39,76.3,76.9,77.57,78.77,79.78,80.941,28549900,29841600,31158100,32850300,34513200,36439000,37983300,38880700,39549400,39855400,40152500,40448200
"Europe","Sweden",8527.84,9911.88,12329.4,15258.3,17832,18855.7,20667.4,23586.9,23880,25266.6,29341.6,33859.7,71.86,72.49,73.37,74.16,74.72,75.44,76.42,77.19,78.16,79.39,80.04,80.884,7124670,7363800,7561590,7867930,8122290,8251650,8325260,8421400,8718870,8897620,8954180,9031090
"Europe","Switzerland",14734.2,17909.5,20431.1,22966.1,27195.1,26982.3,28397.7,30281.7,31871.5,32135.3,34481,37506.4,69.62,70.56,71.32,72.77,73.78,75.39,76.21,77.41,78.03,79.37,80.62,81.701,4815000,5126000,5666000,6063000,6401400,6316420,6468130,6649940,6995450,7193760,7361760,7554660
"Europe","Turkey",1969.1,2218.75,2322.87,2826.36,3450.7,4269.12,4241.36,5089.04,5678.35,6601.43,6508.09,8458.28,43.585,48.079,52.098,54.336,57.005,59.507,61.036,63.108,66.146,68.835,70.845,71.777,22235700,25670900,29788700,33411300,37493000,42404000,47328800,52881300,58179100,63047600,67308900,71158600
"Europe","United Kingdom",9979.51,11283.2,12477.2,14142.9,15895.1,17428.7,18232.4,21664.8,22705.1,26074.5,29479,33203.3,69.18,70.42,70.76,71.36,72.01,72.76,74.04,75.007,76.42,77.218,78.471,79.425,50430000,51430000,53292000,54959000,56079000,56179000,56339700,56981600,57866300,58808300,59912400,60776200
"Oceania","Australia",10039.6,10949.6,12217.2,14526.1,16788.6,18334.2,19477,21888.9,23424.8,26997.9,30687.8,34435.4,69.12,70.33,70.93,71.1,71.93,73.49,74.74,76.32,77.56,78.83,80.37,81.235,8691210,9712570,10795000,11872300,13177000,14074100,15184200,16257200,17482000,18565200,19546800,20434200
"Oceania","New Zealand",10556.6,12247.4,13175.7,14463.9,16046,16233.7,17632.4,19007.2,18363.3,21050.4,23189.8,25185,69.39,70.26,71.24,71.52,71.89,72.22,73.84,74.32,76.33,77.55,79.11,80.204,1994790,2229410,2488550,2728150,2929100,3164900,3210650,3317170,3437670,3676190,3908040,4115770
